update_time,last_price,volume,turnover,turnover_rate,ask_price,bid_price,ask_vol,bid_vol,avg_price,amplitude,bid_ask_ratio,volume_ratio,MA5,MA20,MA diff
2020-08-13 13:44:30,35.45,15000339.0,530862566.0,0.07200000000000001,35.5,35.4,219200.0,204400.0,35.39,2.517,9.792,0.573,,,
2020-08-13 13:45:22,35.5,15001539.0,530905166.0,0.073,35.5,35.45,220800.0,10400.0,35.39,2.517,6.783,0.57,,,
2020-08-13 13:45:40,35.45,15035139.0,532096286.0,0.073,35.45,35.4,10400.0,201200.0,35.39,2.517,16.984,0.568,,,
2020-08-13 13:46:47,35.45,15035939.0,532124626.0,0.073,35.45,35.4,39600.0,135600.0,35.39,2.517,15.295,0.5660000000000001,,,
2020-08-13 13:48:31,35.45,15053139.0,532734166.0,0.073,35.45,35.4,26400.0,89600.0,35.39,2.517,15.817,0.563,35.46,,
2020-08-13 13:48:31,35.45,15054739.0,532790886.0,0.073,35.45,35.4,13200.0,53200.0,35.39,2.517,15.248,0.561,35.46,,
2020-08-13 13:50:25,35.5,15091939.0,534109706.0,0.073,35.5,35.45,80800.0,28000.0,35.39,2.517,8.3,0.5589999999999999,35.46,,
2020-08-13 13:51:38,35.4,15106739.0,534634246.0,0.073,35.45,35.4,36000.0,49200.0,35.39,2.517,12.417,0.556,35.45,,
2020-08-13 13:52:46,35.45,15127905.0,535383953.0,0.073,35.45,35.4,106400.0,36800.0,35.39,2.517,10.789000000000001,0.5529999999999999,35.45,,
2020-08-13 13:53:33,35.4,15169104.0,536842397.0,0.073,35.4,35.35,206000.0,237600.0,35.39,2.517,10.448,0.5529999999999999,35.44,,
2020-08-13 13:54:31,35.4,15191904.0,537648457.0,0.073,35.4,35.35,219600.0,214400.0,35.39,2.517,8.705,0.551,35.42999999999999,,
2020-08-13 13:55:48,35.35,15258304.0,539995937.0,0.07400000000000001,35.4,35.35,398800.0,65600.0,35.39,2.517,3.253,0.551,35.39999999999999,,
2020-08-13 13:56:14,35.35,15332304.0,542611857.0,0.07400000000000001,35.35,35.3,46800.0,27600.0,35.39,2.517,9.78,0.551,35.38999999999999,,
2020-08-13 13:57:04,35.3,15334304.0,542682457.0,0.07400000000000001,35.35,35.3,34800.0,45200.0,35.39,2.517,10.884,0.5479999999999999,35.35999999999999,,
2020-08-13 13:58:52,35.4,15379504.0,544280277.0,0.07400000000000001,35.4,35.35,188000.0,113600.0,35.389,2.517,12.261,0.546,35.35999999999999,,
2020-08-13 13:59:56,35.4,15394304.0,544803517.0,0.07400000000000001,35.4,35.35,187600.0,64400.0,35.389,2.517,10.834,0.544,35.35999999999999,,
2020-08-13 14:00:06,35.35,15399104.0,544973197.0,0.07400000000000001,35.4,35.35,176800.0,146800.0,35.389,2.517,11.455,0.542,35.35999999999999,,
2020-08-13 14:01:31,35.4,15459904.0,547123277.0,0.075,35.4,35.35,165200.0,208400.0,35.389,2.517,16.21,0.541,35.36999999999999,,
2020-08-13 14:03:11,35.35,15465927.0,547336246.0,0.075,35.4,35.35,111600.0,240000.0,35.389,2.517,18.516,0.539,35.379999999999995,,
2020-08-13 14:04:10,35.35,15490925.0,548220436.0,0.075,35.4,35.35,107200.0,266400.0,35.389,2.517,18.858,0.537,35.36999999999999,35.4075,-0.037500000000008527
2020-08-13 14:04:36,35.4,15788568.0,558755825.0,0.076,35.45,35.4,169200.0,1200.0,35.389,2.517,4.872,0.542,35.36999999999999,35.404999999999994,-0.035000000000003695
2020-08-13 14:06:08,35.45,15798186.0,559096415.0,0.076,35.45,35.35,521200.0,119600.0,35.389,2.517,0.008,0.5429999999999999,35.38999999999999,35.402499999999996,-0.012500000000002842
2020-08-13 14:06:28,35.35,15800186.0,559167135.0,0.076,35.4,35.35,74000.0,182400.0,35.389,2.517,9.047,0.541,35.37999999999999,35.397499999999994,-0.0175000000000054
2020-08-13 14:08:18,35.4,15875856.0,561843092.0,0.077,35.4,35.35,54400.0,110400.0,35.389,2.517,8.316,0.539,35.38999999999999,35.394999999999996,-0.005000000000002558
2020-08-13 14:08:52,35.4,15881056.0,562026972.0,0.077,35.4,35.35,68400.0,108400.0,35.389,2.517,8.124,0.5379999999999999,35.39999999999999,35.39249999999999,0.007500000000000284
2020-08-13 14:10:00,35.35,15939299.0,564086029.0,0.077,35.4,35.35,52400.0,128400.0,35.389,2.517,7.055,0.537,35.38999999999999,35.38749999999999,0.0025000000000048317
2020-08-13 14:11:06,35.35,15954499.0,564623429.0,0.077,35.4,35.35,136000.0,800.0,35.389,2.517,6.626,0.535,35.36999999999999,35.37999999999999,-0.00999999999999801
2020-08-13 14:12:14,35.35,15978681.0,565477869.0,0.077,35.4,35.35,179200.0,39200.0,35.389,2.517,8.783,0.5329999999999999,35.36999999999999,35.37749999999999,-0.007500000000000284
2020-08-13 14:13:41,35.3,16014682.0,566749364.0,0.077,35.4,35.3,120800.0,222400.0,35.389,2.517,7.275,0.531,35.349999999999994,35.36999999999999,-0.01999999999999602
2020-08-13 14:14:24,35.35,16041082.0,567683144.0,0.078,35.4,35.35,119200.0,98400.0,35.389,2.517,9.071,0.53,35.33999999999999,35.36749999999999,-0.02750000000000341
2020-08-13 14:14:51,35.4,16046682.0,567881384.0,0.078,35.4,35.35,160000.0,117200.0,35.389,2.517,8.453,0.528,35.349999999999994,35.36749999999999,-0.017499999999998295
2020-08-13 14:16:45,35.35,16095482.0,569607384.0,0.078,35.4,35.35,143600.0,78800.0,35.389,2.517,7.858,0.527,35.349999999999994,35.36749999999999,-0.017499999999998295
2020-08-13 14:17:37,35.35,16098682.0,569720564.0,0.078,35.4,35.35,152800.0,92000.0,35.389,2.517,7.959,0.525,35.349999999999994,35.36749999999999,-0.017499999999998295
2020-08-13 14:18:44,35.4,16164682.0,572054024.0,0.078,35.4,35.35,157200.0,162800.0,35.389,2.517,7.189,0.525,35.36999999999999,35.37249999999999,-0.0024999999999977263
2020-08-13 14:19:20,35.35,16171482.0,572294424.0,0.078,35.4,35.35,159200.0,58000.0,35.389,2.517,6.9670000000000005,0.523,35.36999999999999,35.36999999999999,0.0
2020-08-13 14:20:55,35.35,16239329.0,574695154.0,0.078,35.35,35.3,9600.0,199200.0,35.389,2.517,10.005,0.522,35.35999999999999,35.36749999999999,-0.007500000000000284
2020-08-13 14:20:55,35.35,16240529.0,574737574.0,0.078,35.35,35.3,22400.0,180800.0,35.389,2.517,6.968,0.52,35.35999999999999,35.36749999999999,-0.007500000000000284
2020-08-13 14:22:56,35.35,16247236.0,574974279.0,0.079,35.35,35.3,20000.0,182800.0,35.389,2.517,7.695,0.518,35.35999999999999,35.364999999999995,-0.005000000000002558
2020-08-13 14:23:18,35.35,16253236.0,575186179.0,0.079,35.35,35.3,29600.0,112400.0,35.389,2.517,7.896,0.515,35.34999999999999,35.364999999999995,-0.015000000000007674
2020-08-13 14:24:58,35.4,16296683.0,576722290.0,0.079,35.4,35.35,146000.0,30400.0,35.38800000000001,2.517,8.087,0.514,35.35999999999999,35.36749999999999,-0.007500000000000284
2020-08-13 14:25:54,35.35,16298283.0,576778890.0,0.079,35.4,35.35,158000.0,96400.0,35.38800000000001,2.517,7.74,0.512,35.35999999999999,35.364999999999995,-0.005000000000002558
2020-08-13 14:26:37,35.4,16326283.0,577769870.0,0.079,35.4,35.35,73600.0,183600.0,35.38800000000001,2.517,9.719,0.512,35.36999999999999,35.3625,0.007499999999993179
2020-08-13 14:26:37,35.4,16330734.0,577927420.0,0.079,35.4,35.35,70400.0,193600.0,35.38800000000001,2.517,9.676,0.509,35.379999999999995,35.364999999999995,0.015000000000000568
2020-08-13 14:29:16,35.4,16452434.0,582235337.0,0.08,35.4,35.35,14400.0,152400.0,35.389,2.517,7.745,0.51,35.39,35.364999999999995,0.025000000000005684
2020-08-13 14:29:51,35.35,16452840.0,582249688.0,0.08,35.4,35.35,4400.0,156800.0,35.389,2.517,8.158999999999999,0.509,35.379999999999995,35.3625,0.017499999999998295
2020-08-13 14:31:21,35.35,16522010.0,584697013.0,0.08,35.45,35.35,300800.0,142000.0,35.38800000000001,2.517,1.5,0.508,35.379999999999995,35.3625,0.017499999999998295
2020-08-13 14:31:40,35.4,16525210.0,584810293.0,0.08,35.4,35.35,18400.0,162800.0,35.38800000000001,2.517,8.264,0.506,35.379999999999995,35.364999999999995,0.015000000000000568
2020-08-13 14:33:37,35.4,16527735.0,584899614.0,0.08,35.4,35.35,58800.0,161600.0,35.38800000000001,2.517,7.822999999999999,0.504,35.379999999999995,35.36749999999999,0.012500000000002842
2020-08-13 14:34:29,35.4,16559735.0,586032094.0,0.08,35.4,35.35,37600.0,161600.0,35.38800000000001,2.517,7.454,0.502,35.379999999999995,35.37249999999999,0.00750000000000739
2020-08-13 14:34:52,35.45,16599735.0,587448214.0,0.08,35.45,35.4,183200.0,35600.0,35.389,2.517,4.24,0.502,35.39999999999999,35.37749999999999,0.022500000000000853
2020-08-13 14:36:44,35.45,16637735.0,588793534.0,0.08,35.45,35.35,180400.0,154800.0,35.389,2.517,5.965,0.499,35.42,35.379999999999995,0.04000000000000625
2020-08-13 14:37:38,35.4,16688535.0,590591474.0,0.081,35.4,35.35,19600.0,146000.0,35.389,2.517,6.08,0.5,35.42,35.38249999999999,0.037500000000008527
2020-08-13 14:37:38,35.4,16692935.0,590747234.0,0.081,35.4,35.35,17200.0,208800.0,35.389,2.517,8.302,0.499,35.42,35.38499999999999,0.0350000000000108
2020-08-13 14:39:24,35.4,16714935.0,591525994.0,0.081,35.45,35.35,224000.0,97600.0,35.389,2.517,2.918,0.4970000000000001,35.42,35.38499999999999,0.0350000000000108
2020-08-13 14:40:54,35.4,16718234.0,591642614.0,0.081,35.4,35.35,53200.0,38800.0,35.389,2.517,5.291,0.495,35.410000000000004,35.38749999999999,0.022500000000015064
2020-08-13 14:41:43,35.4,16722634.0,591798274.0,0.081,35.4,35.35,2000.0,256000.0,35.389,2.517,8.744,0.493,35.4,35.389999999999986,0.010000000000012221
2020-08-13 14:43:17,35.45,16867435.0,596924289.0,0.08199999999999999,35.45,35.4,304400.0,11600.0,35.389,2.517,5.122000000000001,0.494,35.41,35.39499999999999,0.015000000000007674
2020-08-13 14:44:33,35.45,16887835.0,597646529.0,0.08199999999999999,35.45,35.4,231200.0,59200.0,35.389,2.517,3.988,0.4920000000000001,35.42,35.39999999999999,0.020000000000010232
2020-08-13 14:45:45,35.45,16905035.0,598255349.0,0.08199999999999999,35.45,35.35,394000.0,351200.0,35.389,2.517,5.38,0.491,35.43,35.40499999999999,0.02500000000001279
2020-08-13 14:47:21,35.4,17038402.0,602973931.0,0.08199999999999999,35.45,35.4,344000.0,44400.0,35.389,2.517,3.48,0.488,35.43,35.40499999999999,0.02500000000001279
2020-08-13 14:48:15,35.45,17060018.0,603739212.0,0.08199999999999999,35.45,35.4,343200.0,133600.0,35.389,2.517,5.671,0.49,35.440000000000005,35.40999999999999,0.030000000000015348
2020-08-13 14:49:04,35.45,17063218.0,603852612.0,0.08199999999999999,35.45,35.4,359200.0,138000.0,35.389,2.517,4.967,0.487,35.44000000000001,35.412499999999994,0.02750000000001762
2020-08-13 14:50:43,35.4,17086235.0,604668089.0,0.083,35.45,35.4,362000.0,166800.0,35.389,2.517,4.644,0.486,35.43000000000001,35.412499999999994,0.017500000000012506
2020-08-13 14:51:49,35.4,17152589.0,607017859.0,0.083,35.45,35.4,346800.0,133200.0,35.389,2.517,3.702,0.486,35.42,35.412499999999994,0.00750000000000739
2020-08-13 14:51:49,35.4,17270481.0,611191148.0,0.083,35.4,35.35,35200.0,204000.0,35.389,2.517,2.316,0.485,35.42,35.41499999999999,0.005000000000009663
2020-08-13 14:54:11,35.35,17278334.0,611468895.0,0.084,35.4,35.35,45600.0,312400.0,35.389,2.517,7.347,0.486,35.4,35.41499999999999,-0.014999999999993463
2020-08-13 14:54:14,35.4,17375134.0,614895615.0,0.084,35.45,35.4,311600.0,35600.0,35.389,2.517,3.8960000000000004,0.486,35.39,35.41499999999999,-0.024999999999991473
2020-08-13 14:56:18,35.45,17404395.0,615932116.0,0.084,35.45,35.4,272800.0,28400.0,35.389,2.517,9.75,0.486,35.39999999999999,35.4175,-0.0175000000000054
2020-08-13 14:56:33,35.4,17412493.0,616218627.0,0.084,35.45,35.4,338800.0,21200.0,35.389,2.517,10.571,0.484,35.39999999999999,35.4175,-0.0175000000000054
2020-08-13 14:58:07,35.45,17415492.0,616324794.0,0.084,35.45,35.4,274400.0,79600.0,35.389,2.517,7.709,0.482,35.41,35.4175,-0.007500000000000284
2020-08-13 14:59:35,35.45,17420719.0,616509876.0,0.084,35.45,35.4,227600.0,120400.0,35.389,2.517,8.379,0.48,35.43,35.4175,0.012500000000002842
2020-08-13 15:00:40,35.45,17540751.0,620764796.0,0.085,35.45,35.4,56800.0,220800.0,35.389,2.517,12.89,0.48,35.440000000000005,35.42,0.020000000000003126
2020-08-13 15:00:40,35.45,17574395.0,621957459.0,0.085,35.45,35.4,102000.0,126800.0,35.389,2.517,7.655,0.48,35.44000000000001,35.4225,0.017500000000012506
2020-08-13 15:02:30,35.35,17672795.0,625440519.0,0.085,35.4,35.35,93600.0,203200.0,35.39,2.517,6.399,0.481,35.43000000000001,35.42,0.010000000000005116
2020-08-13 15:03:52,35.35,17688242.0,625986768.0,0.085,35.4,35.35,116800.0,215200.0,35.389,2.517,6.6770000000000005,0.479,35.410000000000004,35.417500000000004,-0.007500000000000284
2020-08-13 15:04:53,35.35,17720072.0,627112198.0,0.086,35.4,35.35,125600.0,215600.0,35.389,2.517,7.195,0.479,35.39,35.415000000000006,-0.025000000000005684
2020-08-13 15:05:38,35.35,17822872.0,630746578.0,0.086,35.4,35.3,166400.0,224000.0,35.389,2.517,4.489,0.48,35.36999999999999,35.41000000000001,-0.040000000000020464
2020-08-13 15:06:42,35.3,17824072.0,630788938.0,0.086,35.35,35.3,20400.0,240800.0,35.389,2.517,8.839,0.478,35.339999999999996,35.4025,-0.0625000000000071
2020-08-13 15:07:53,35.35,17985319.0,636480986.0,0.087,35.35,35.3,222800.0,50800.0,35.38800000000001,2.517,1.722,0.47700000000000004,35.339999999999996,35.3975,-0.05750000000000455
2020-08-13 15:08:57,35.35,18075319.0,639661806.0,0.087,35.4,35.35,228400.0,122000.0,35.38800000000001,2.517,5.035,0.479,35.339999999999996,35.395,-0.05500000000000682
2020-08-13 15:09:59,35.3,18221767.0,644837526.0,0.08800000000000001,35.35,35.3,82400.0,147600.0,35.38800000000001,2.517,5.5889999999999995,0.483,35.33,35.3875,-0.05750000000000455
2020-08-13 15:10:23,35.4,18324973.0,648486778.0,0.08900000000000001,35.4,35.35,111200.0,120800.0,35.38800000000001,2.517,6.312,0.484,35.34,35.385,-0.0449999999999946
2020-08-13 15:12:09,35.4,18428173.0,652140118.0,0.08900000000000001,35.45,35.4,103600.0,14000.0,35.38800000000001,2.517,4.489,0.485,35.36,35.385,-0.02499999999999858
2020-08-13 15:12:23,35.45,18435799.0,652410358.0,0.08900000000000001,35.45,35.4,92000.0,27200.0,35.38800000000001,2.517,4.895,0.483,35.38,35.3875,-0.007500000000000284
2020-08-13 15:14:03,35.4,18444044.0,652702267.0,0.08900000000000001,35.45,35.4,101200.0,76000.0,35.38800000000001,2.517,5.3260000000000005,0.48200000000000004,35.39,35.3875,0.0024999999999977263
2020-08-13 15:15:15,35.45,18550859.0,656488833.0,0.09,35.45,35.4,13200.0,81200.0,35.38800000000001,2.517,5.3439999999999985,0.481,35.42,35.3925,0.02750000000000341
2020-08-13 15:16:09,35.5,18601259.0,658277413.0,0.09,35.5,35.45,287600.0,54400.0,35.38800000000001,2.517,3.3819999999999997,0.48200000000000004,35.440000000000005,35.3975,0.04250000000000398
2020-08-13 15:16:29,35.45,18675659.0,660914913.0,0.09,35.45,35.4,39200.0,130800.0,35.389,2.517,5.988,0.482,35.45,35.3975,0.05250000000000199
2020-08-13 15:18:02,35.4,18694459.0,661580573.0,0.09,35.45,35.4,59600.0,62800.0,35.389,2.517,6.435,0.48100000000000004,35.44000000000001,35.3975,0.042500000000011084
2020-08-13 15:18:34,35.45,18696613.0,661656912.0,0.09,35.45,35.4,78800.0,149600.0,35.389,2.517,8.461,0.48,35.45,35.3975,0.05250000000000199
2020-08-13 15:20:16,35.45,18783413.0,664733072.0,0.091,35.5,35.45,321200.0,73200.0,35.389,2.517,4.9639999999999995,0.48,35.45000000000001,35.3975,0.052500000000009095
2020-08-13 15:21:27,35.5,18808213.0,665612572.0,0.091,35.5,35.45,380000.0,45200.0,35.389,2.517,4.067,0.479,35.45000000000001,35.4,0.05000000000001137
2020-08-13 15:22:30,35.45,18839813.0,666732952.0,0.091,35.5,35.45,424000.0,24800.0,35.389,2.517,2.61,0.478,35.45000000000001,35.4,0.05000000000001137
2020-08-13 15:23:22,35.5,18880213.0,668166912.0,0.091,35.5,35.45,351200.0,50400.0,35.389,2.517,3.192,0.477,35.47000000000001,35.4075,0.06250000000001421
2020-08-13 15:23:50,35.45,18937423.0,670195004.0,0.092,35.45,35.4,90000.0,233200.0,35.389,2.517,4.9430000000000005,0.47700000000000004,35.47000000000001,35.4125,0.05750000000001165
2020-08-13 15:25:42,35.4,18981423.0,671754644.0,0.092,35.45,35.4,155600.0,151200.0,35.39,2.517,5.032,0.475,35.460000000000015,35.415,0.045000000000015916
2020-08-13 15:26:32,35.45,18983423.0,671825484.0,0.092,35.45,35.4,213600.0,106800.0,35.39,2.517,2.824,0.475,35.45000000000001,35.42,0.030000000000008242
2020-08-13 15:27:40,35.3,19125123.0,676840082.0,0.092,35.35,35.3,173600.0,128400.0,35.39,2.517,4.7330000000000005,0.474,35.420000000000016,35.42,1.4210854715202004e-14
2020-08-13 15:28:11,35.35,19139923.0,677362602.0,0.09300000000000001,35.35,35.3,198000.0,88400.0,35.39,2.517,3.3569999999999998,0.47600000000000003,35.390000000000015,35.42,-0.029999999999986926
2020-08-13 15:29:39,35.35,19153523.0,677842962.0,0.093,35.35,35.3,172400.0,113200.0,35.389,2.517,2.1590000000000003,0.475,35.37000000000002,35.42,-0.04999999999998295
2020-08-13 15:30:55,35.3,19195943.0,679342182.0,0.09300000000000001,35.35,35.3,63200.0,112800.0,35.389,2.517,9.305,0.473,35.350000000000016,35.42,-0.06999999999998607
2020-08-13 15:32:01,35.35,19350343.0,684803522.0,0.094,35.4,35.35,72800.0,102000.0,35.389,2.517,7.455,0.475,35.33000000000002,35.417500000000004,-0.08749999999998437
2020-08-13 15:32:55,35.4,19397612.0,686476661.0,0.094,35.4,35.35,153600.0,114400.0,35.389,2.517,5.692,0.475,35.35000000000002,35.417500000000004,-0.06749999999998124
2020-08-13 15:33:41,35.35,19513612.0,690577461.0,0.094,35.4,35.35,206800.0,85200.0,35.389,2.517,-0.219,0.476,35.35000000000002,35.4125,-0.062499999999978684
2020-08-13 15:35:06,35.4,19550412.0,691879641.0,0.094,35.4,35.35,218800.0,146400.0,35.389,2.517,0.536,0.475,35.36000000000003,35.4125,-0.05249999999997357
2020-08-13 15:36:00,35.45,19784012.0,700150961.0,0.096,35.45,35.4,275600.0,50000.0,35.389,2.517,0.634,0.479,35.39000000000002,35.4125,-0.022499999999979536
2020-08-13 15:37:14,35.35,19895612.0,704103161.0,0.096,35.4,35.35,146800.0,116000.0,35.389,2.517,2.887,0.479,35.39000000000002,35.405,-0.014999999999979252
2020-08-13 15:37:56,35.35,19917212.0,704867761.0,0.096,35.4,35.35,161200.0,233200.0,35.389,2.517,3.274,0.479,35.38000000000002,35.4,-0.01999999999998181
2020-08-13 15:39:16,35.4,19993262.0,707559734.0,0.09699999999999999,35.4,35.35,108400.0,313600.0,35.389,2.517,5.892,0.48,35.39000000000002,35.4,-0.009999999999976694
2020-08-13 15:40:09,35.4,20157274.0,713365534.0,0.097,35.4,35.35,130800.0,287600.0,35.389,2.517,7.172999999999999,0.482,35.39000000000002,35.397499999999994,-0.0074999999999718625
2020-08-13 15:41:25,35.4,20184118.0,714315276.0,0.098,35.4,35.35,182000.0,284800.0,35.389,2.517,7.4289999999999985,0.48100000000000004,35.38000000000002,35.394999999999996,-0.014999999999979252
2020-08-13 15:42:20,35.45,20596918.0,728938876.0,0.1,35.45,35.4,1600.0,206400.0,35.39,2.517,10.504,0.488,35.40000000000002,35.3925,0.0075000000000216005
2020-08-13 15:43:20,35.45,20660518.0,731193556.0,0.1,35.5,35.45,358800.0,34000.0,35.39,2.517,7.077000000000001,0.489,35.42000000000002,35.3925,0.027500000000024727
2020-08-13 15:44:07,35.45,20735914.0,733866254.0,0.1,35.45,35.4,51600.0,194400.0,35.391,2.517,10.261,0.488,35.43000000000002,35.39,0.040000000000020464
2020-08-13 15:45:27,35.45,20755118.0,734546834.0,0.1,35.45,35.4,84800.0,262000.0,35.391,2.517,10.915,0.488,35.440000000000026,35.39,0.05000000000002558
2020-08-13 15:46:30,35.45,20803814.0,736272829.0,0.101,35.45,35.4,78400.0,295600.0,35.391,2.517,11.707,0.488,35.45000000000003,35.3925,0.05750000000003297
2020-08-13 15:47:40,35.45,20888214.0,739265429.0,0.10099999999999999,35.5,35.45,320800.0,203600.0,35.391,2.517,11.187999999999999,0.488,35.45000000000003,35.3925,0.05750000000003297
2020-08-13 15:48:41,35.5,20936214.0,740967329.0,0.101,35.5,35.45,326000.0,209600.0,35.391,2.517,13.640999999999998,0.487,35.460000000000036,35.4025,0.05750000000003297
2020-08-13 15:49:47,35.5,21015414.0,743776709.0,0.102,35.5,35.45,288000.0,206000.0,35.391,2.517,14.327,0.488,35.47000000000004,35.410000000000004,0.0600000000000378
2020-08-14 15:23:42,34.8,22775872.0,794464976.0,0.11,34.85,34.8,283600.0,222400.0,34.881,1.977,8.549,0.596,35.340000000000046,35.3825,-0.04249999999995424
2020-08-14 15:23:42,34.8,22865472.0,797583056.0,0.111,34.8,34.75,200000.0,218400.0,34.881,1.9769999999999999,7.797999999999999,0.596,35.21000000000005,35.3575,-0.14749999999995111
2020-08-14 15:26:46,34.75,22943091.0,800280869.0,0.111,34.8,34.75,279600.0,180800.0,34.881,1.977,5.892,0.596,35.07000000000005,35.3275,-0.25749999999995055
2020-08-14 15:27:26,34.7,23101891.0,805799129.0,0.11199999999999999,34.75,34.7,72800.0,221600.0,34.88,1.9769999999999999,7.3260000000000005,0.598,34.910000000000046,35.292500000000004,-0.38249999999995765
2020-08-14 15:28:47,34.75,23229491.0,810233169.0,0.112,34.8,34.75,236400.0,9600.0,34.879,1.977,4.478,0.599,34.76000000000005,35.2625,-0.5024999999999551
2020-08-14 15:29:42,34.7,23294127.0,812479568.0,0.113,34.75,34.7,75200.0,305200.0,34.879,1.9769999999999999,9.765,0.599,34.740000000000045,35.227500000000006,-0.48749999999996163
2020-08-14 15:30:49,34.7,23518525.0,820266338.0,0.114,34.7,34.65,29600.0,198400.0,34.876999999999995,1.977,9.617,0.598,34.72000000000004,35.190000000000005,-0.46999999999996334
2020-08-14 15:32:00,34.65,23570375.0,822063293.0,0.114,34.7,34.65,140800.0,75200.0,34.876,1.9769999999999999,2.639,0.601,34.70000000000004,35.155,-0.45499999999996277
2020-08-14 15:33:02,34.7,23739175.0,827920453.0,0.115,34.7,34.65,4000.0,261600.0,34.875,1.977,6.644,0.604,34.700000000000045,35.1225,-0.4224999999999568
2020-08-14 15:33:02,34.7,23804775.0,830196773.0,0.115,34.7,34.65,26400.0,238400.0,34.875,1.9769999999999999,7.278,0.603,34.69000000000004,35.087500000000006,-0.3974999999999653
2020-08-14 15:33:02,34.7,23811975.0,830446612.0,0.115,34.7,34.65,352400.0,116400.0,34.875,1.977,3.887,0.602,34.69000000000004,35.05250000000001,-0.36249999999996874
2020-08-14 15:35:47,34.7,24347022.0,849008743.0,0.11800000000000001,34.75,34.7,284000.0,76400.0,34.871,1.9769999999999999,9.365,0.613,34.69000000000004,35.01750000000001,-0.32749999999997215
2020-08-14 15:36:31,34.7,24434222.0,852034663.0,0.118,34.7,34.65,20800.0,278800.0,34.87,1.977,11.577,0.612,34.70000000000004,34.98000000000001,-0.2799999999999727
2020-08-14 15:38:02,34.7,24456669.0,852812955.0,0.11800000000000001,34.7,34.65,45200.0,208800.0,34.87,1.9769999999999999,13.628,0.611,34.700000000000045,34.94250000000001,-0.2424999999999642
2020-08-14 15:38:24,34.65,24469869.0,853270835.0,0.118,34.7,34.65,234800.0,57600.0,34.87,1.977,8.182,0.609,34.69000000000004,34.90250000000001,-0.21249999999997016
2020-08-14 15:39:35,34.7,24489869.0,853964835.0,0.11800000000000001,34.7,34.65,54000.0,251600.0,34.87,1.9769999999999999,14.308,0.609,34.69000000000004,34.86500000000001,-0.17499999999996874
2020-08-14 15:41:20,34.7,24519069.0,854976675.0,0.118,34.7,34.65,154000.0,246000.0,34.869,1.977,12.102,0.607,34.69000000000004,34.82750000000001,-0.13749999999996732
2020-08-14 15:42:30,34.65,24564669.0,856557955.0,0.11900000000000001,34.7,34.65,79600.0,242400.0,34.869,1.9769999999999999,14.037,0.606,34.68000000000004,34.78750000000001,-0.10749999999996618
2020-08-14 15:43:31,34.65,24706269.0,861466435.0,0.119,34.7,34.65,214400.0,111600.0,34.868,1.977,10.446,0.607,34.67000000000004,34.745000000000005,-0.07499999999996732
2020-08-14 15:44:35,34.7,24762269.0,863408095.0,0.12,34.7,34.65,318800.0,173600.0,34.867,1.9769999999999999,11.23,0.606,34.680000000000035,34.705000000000005,-0.024999999999970157
2020-08-14 15:45:37,34.6,25062269.0,873796675.0,0.121,34.65,34.6,338800.0,431600.0,34.865,1.977,10.165,0.61,34.66000000000004,34.69500000000001,-0.03499999999996817
2020-08-14 15:46:37,34.6,25213260.0,879024557.0,0.122,34.65,34.6,453200.0,411600.0,34.863,1.9769999999999999,9.31,0.613,34.64000000000003,34.68500000000002,-0.044999999999987494
2020-08-14 15:47:34,34.6,25414060.0,885979057.0,0.123,34.65,34.6,280000.0,539200.0,34.861,1.977,15.072,0.616,34.63000000000003,34.677500000000016,-0.04749999999998522
2020-08-14 15:48:38,34.6,25889260.0,902422697.0,0.125,34.65,34.6,459600.0,159200.0,34.857,1.9769999999999999,5.511,0.619,34.620000000000026,34.672500000000014,-0.05249999999998778
['2020-08-14 15:48:38'],34.6,26047660.0,907903377.0,0.126,34.65,34.6,436000.0,68400.0,34.855,1.977,4.376,0.626,34.60000000000002,34.66500000000001,-0.06499999999999062
2020-08-14 15:50:28,34.6,26334460.0,917824777.0,0.127,34.6,34.55,220400.0,387200.0,34.852,1.9769999999999999,11.882,0.633,34.60000000000002,34.66000000000001,-0.05999999999998806
2020-08-14 17:23:42,34.7,30190768.0,1051520538.0,0.146,34.7,34.65,364800.0,115600.0,34.829,1.977,24.923,0.705,34.62000000000002,34.66000000000001,-0.03999999999999204
2020-08-14 17:23:42,34.7,30190768.0,1051520538.0,0.146,34.7,34.65,364800.0,115600.0,34.829,1.9769999999999999,24.923000000000002,0.705,34.64000000000003,34.662500000000016,-0.022499999999986642
2020-08-14 17:23:42,34.7,30190768.0,1051520538.0,0.146,34.7,34.65,364800.0,115600.0,34.829,1.977,24.923,0.705,34.66000000000003,34.662500000000016,-0.0024999999999835154
2020-08-14 17:23:42,34.7,30190768.0,1051520538.0,0.146,34.7,34.65,364800.0,115600.0,34.829,1.9769999999999999,24.923000000000002,0.705,34.680000000000035,34.662500000000016,0.01750000000001961
2020-08-14 17:23:42,34.7,30190768.0,1051520538.0,0.146,34.7,34.65,364800.0,115600.0,34.829,1.977,24.923,0.705,34.70000000000004,34.662500000000016,0.03750000000002274
2020-08-14 17:23:42,34.7,30190768.0,1051520538.0,0.146,34.7,34.65,364800.0,115600.0,34.829,1.9769999999999999,24.923000000000002,0.705,34.700000000000045,34.662500000000016,0.03750000000002984
2020-08-14 17:23:42,34.7,30190768.0,1051520538.0,0.146,34.7,34.65,364800.0,115600.0,34.829,1.977,24.923,0.705,34.700000000000045,34.662500000000016,0.03750000000002984
2020-08-17 09:00:00,34.7,0.0,0.0,0.0,35.0,34.5,16000.0,9200.0,0.0,0.0,-28.205,0.0,34.700000000000045,34.662500000000016,0.03750000000002984
2020-08-17 09:00:00,34.7,0.0,0.0,0.0,34.7,34.7,4400.0,1200.0,0.0,0.0,1.676,0.0,34.700000000000045,34.66500000000002,0.03500000000002501
2020-08-17 09:00:00,34.7,0.0,0.0,0.0,34.7,34.7,4800.0,2400.0,0.0,0.0,1.923,0.0,34.700000000000045,34.66500000000002,0.03500000000002501
2020-08-17 09:00:00,34.7,0.0,0.0,0.0,34.7,34.7,5600.0,2400.0,0.0,0.0,-3.636,0.0,34.700000000000045,34.66500000000002,0.03500000000002501
2020-08-17 09:00:00,34.7,172.0,5899.0,0.0,34.7,34.7,6400.0,1600.0,34.296,0.0,-5.2170000000000005,0.0,34.700000000000045,34.667500000000025,0.03250000000002018
2020-08-17 09:05:16,34.65,172.0,5899.0,0.0,34.65,34.65,1600.0,2000.0,34.296,0.0,1.6,0.0,34.69000000000004,34.667500000000025,0.022500000000015064
2020-08-17 09:05:16,34.65,172.0,5899.0,0.0,34.65,34.65,3600.0,2400.0,34.296,0.0,1.55,0.0,34.68000000000004,34.66500000000002,0.015000000000021885
2020-08-17 09:05:16,34.65,172.0,5899.0,0.0,34.65,34.65,4000.0,2400.0,34.296,0.0,-3.2969999999999997,0.0,34.67000000000004,34.66750000000002,0.0025000000000190425
2020-08-17 09:08:38,34.65,172.0,5899.0,0.0,34.65,34.65,1600.0,2000.0,34.296,0.0,-1.873,0.0,34.66000000000004,34.670000000000016,-0.009999999999976694
2020-08-17 09:08:38,34.65,172.0,5899.0,0.0,34.65,34.65,1600.0,2000.0,34.296,0.0,-16.026,0.0,34.650000000000034,34.672500000000014,-0.022499999999979536
2020-08-17 09:08:38,34.65,172.0,5899.0,0.0,34.65,34.65,3200.0,2400.0,34.296,0.0,-14.007,0.0,34.650000000000034,34.67500000000001,-0.024999999999977263
2020-08-17 09:08:38,34.65,172.0,5899.0,0.0,34.65,34.65,3200.0,2400.0,34.296,0.0,-14.007,0.0,34.650000000000034,34.67750000000001,-0.02749999999997499
2020-08-17 09:08:38,34.65,172.0,5899.0,0.0,34.65,34.65,3200.0,2400.0,34.296,0.0,-17.825,0.0,34.650000000000034,34.68000000000001,-0.029999999999972715
2020-08-17 09:08:38,34.65,172.0,5899.0,0.0,34.65,34.65,4000.0,2400.0,34.296,0.0,-17.16,0.0,34.650000000000034,34.6775,-0.027499999999967883
2020-08-17 09:14:11,34.6,172.0,5899.0,0.0,34.6,34.6,8400.0,6400.0,34.296,0.0,-22.931,0.0,34.64000000000003,34.6725,-0.03249999999997044
2020-08-17 09:14:11,34.6,172.0,5899.0,0.0,34.6,34.6,8800.0,6400.0,34.296,0.0,-23.113000000000003,0.0,34.63000000000003,34.667500000000004,-0.037499999999973
2020-08-17 09:14:11,34.6,172.0,5899.0,0.0,34.6,34.6,8800.0,6400.0,34.296,0.0,-23.113000000000003,0.0,34.620000000000026,34.6625,-0.04249999999997556
2020-08-17 09:17:27,34.6,172.0,5899.0,0.0,34.6,34.6,9600.0,10000.0,34.296,0.0,-20.92,0.0,34.61000000000003,34.6575,-0.04749999999997101
2020-08-17 09:19:01,34.65,172.0,5899.0,0.0,34.65,34.65,10800.0,9600.0,34.296,0.0,-26.174,0.0,34.61000000000003,34.654999999999994,-0.04499999999996618
2020-08-17 09:19:52,34.75,44972.0,1562699.0,0.0,34.75,34.7,14800.0,800.0,34.748000000000005,0.0,-31.148000000000003,0.0,34.64000000000003,34.65749999999999,-0.017499999999962768
2020-08-17 09:19:52,34.75,44972.0,1562699.0,0.0,34.75,34.7,14800.0,800.0,34.748000000000005,0.0,-31.148000000000003,0.0,34.67000000000003,34.65999999999999,0.010000000000040643
2020-08-17 09:31:53,34.6,409208.0,14199922.0,0.002,34.65,34.6,92800.0,83200.0,34.7,0.72,1.726,1.463,34.67000000000003,34.65499999999999,0.015000000000043201
2020-08-17 09:33:25,34.6,587034.0,20359527.0,0.003,34.7,34.6,23600.0,15600.0,34.681999999999995,0.72,2.766,1.43,34.67000000000003,34.64999999999999,0.020000000000038654
2020-08-17 09:33:48,34.6,600614.0,20829482.0,0.003,34.65,34.6,1600.0,10800.0,34.68,0.72,4.0280000000000005,1.1079999999999999,34.660000000000025,34.64499999999999,0.015000000000036096
2020-08-17 09:35:29,34.6,745882.0,25859443.0,0.004,34.65,34.55,30400.0,109600.0,34.669000000000004,0.865,16.923,1.087,34.630000000000024,34.639999999999986,-0.009999999999962483
2020-08-17 09:36:31,34.55,817789.0,28344022.0,0.004,34.6,34.55,95200.0,62800.0,34.659,0.865,4.23,0.9329999999999999,34.59000000000002,34.634999999999984,-0.04499999999996618
2020-08-17 09:37:17,34.6,828682.0,28720531.0,0.004,34.6,34.55,98800.0,209200.0,34.658,0.865,12.386,0.862,34.59000000000002,34.632499999999986,-0.04249999999996845
2020-08-17 09:38:40,34.6,1123082.0,38907571.0,0.005,34.65,34.6,70800.0,3200.0,34.643,0.865,-10.874,1.018,34.59000000000002,34.62999999999999,-0.039999999999970726
2020-08-17 09:38:55,34.6,1143882.0,39627751.0,0.006,34.65,34.6,70400.0,33600.0,34.643,0.865,-6.38,0.922,34.59000000000002,34.62749999999999,-0.037499999999973
2020-08-17 09:40:18,34.6,1226282.0,42478851.0,0.006,34.65,34.6,87600.0,93200.0,34.64,0.865,-6.254,0.888,34.59000000000002,34.62499999999999,-0.03499999999997527
2020-08-17 09:41:52,34.65,1307082.0,45276611.0,0.006,34.65,34.55,56000.0,142000.0,34.639,0.865,1.415,0.871,34.61000000000003,34.62499999999999,-0.014999999999965041
2020-08-17 09:42:53,34.7,1422894.0,49290032.0,0.006999999999999999,34.7,34.65,64400.0,43200.0,34.64,0.865,14.239,0.8740000000000001,34.630000000000024,34.6275,0.002500000000026148
2020-08-17 09:43:17,34.75,1548205.0,53640118.0,0.006999999999999999,34.8,34.7,90400.0,61200.0,34.646,0.865,1.471,0.894,34.660000000000025,34.6325,0.027500000000024727
2020-08-17 09:44:50,34.75,1710339.0,59279722.0,0.008,34.8,34.75,70400.0,72400.0,34.659,0.865,-2.55,0.845,34.690000000000026,34.6375,0.052500000000023306
2020-08-17 09:46:01,34.7,1899541.0,65849471.0,0.009000000000000001,34.75,34.65,27200.0,104000.0,34.665,0.865,-6.6229999999999976,0.923,34.71000000000003,34.6425,0.06750000000003098
2020-08-17 09:46:15,34.65,2020505.0,70040872.0,0.01,34.7,34.65,34400.0,56800.0,34.665,0.865,1.8530000000000002,0.943,34.71000000000003,34.644999999999996,0.06500000000003325
2020-08-17 09:48:18,34.6,2326905.0,80641372.0,0.011,34.6,34.55,266000.0,25600.0,34.656,0.865,-13.214,1.026,34.69000000000003,34.644999999999996,0.04500000000003723
2020-08-17 09:49:18,34.55,2350105.0,81442972.0,0.011000000000000001,34.6,34.55,265200.0,41600.0,34.655,0.865,-13.715,0.975,34.650000000000034,34.6425,0.007500000000035811
2020-08-17 09:50:13,34.55,2427751.0,84125322.0,0.012,34.6,34.55,345600.0,2000.0,34.651,1.009,-11.525,0.949,34.610000000000035,34.637499999999996,-0.027499999999960778
2020-08-17 09:51:25,34.5,2748154.0,95176746.0,0.013000000000000001,34.55,34.5,21200.0,9600.0,34.632,1.297,-3.8560000000000003,0.98,34.570000000000036,34.62499999999999,-0.05499999999995708
2020-08-17 09:52:26,34.45,2785356.0,96459402.0,0.013,34.5,34.45,134800.0,800.0,34.63,1.297,12.06,0.979,34.53000000000004,34.61,-0.07999999999996277
2020-08-17 09:53:20,34.45,2855275.0,98868256.0,0.013999999999999999,34.5,34.4,150800.0,109200.0,34.626,1.297,14.780999999999999,0.9590000000000001,34.50000000000004,34.6025,-0.10249999999995651
2020-08-17 09:54:43,34.4,2883286.0,99832151.0,0.014,34.5,34.4,267600.0,70000.0,34.624,1.297,10.866,0.927,34.47000000000004,34.592499999999994,-0.12249999999995254
2020-08-17 09:55:34,34.45,2980086.0,103165851.0,0.013999999999999999,34.5,34.45,212000.0,33600.0,34.618,1.297,10.392999999999999,0.895,34.45000000000003,34.584999999999994,-0.13499999999996248
2020-08-17 09:56:50,34.45,3042886.0,105327931.0,0.015,34.45,34.4,9600.0,47200.0,34.614000000000004,1.297,11.994000000000002,0.895,34.44000000000003,34.5775,-0.13749999999996732
2020-08-17 09:57:34,34.45,3098272.0,107234714.0,0.015,34.45,34.4,13200.0,175200.0,34.611,1.297,15.140999999999998,0.878,34.44000000000003,34.572500000000005,-0.13249999999997186
2020-08-17 09:58:50,34.45,3123872.0,108117114.0,0.015,34.5,34.45,209600.0,9600.0,34.609,1.297,14.567,0.852,34.44000000000003,34.565000000000005,-0.12499999999997158
2020-08-17 09:59:50,34.5,3434307.0,118826067.0,0.017,34.55,34.5,36400.0,25200.0,34.599000000000004,1.297,14.675,0.902,34.46000000000003,34.56,-0.099999999999973
2020-08-17 10:01:09,34.6,3493917.0,120884830.0,0.017,34.65,34.55,37600.0,76800.0,34.598,1.297,19.579,0.883,34.49000000000003,34.56,-0.06999999999997186
2020-08-17 10:02:17,34.65,3571517.0,123573170.0,0.017,34.7,34.65,51200.0,90800.0,34.599000000000004,1.297,11.54,0.871,34.53000000000003,34.5625,-0.03249999999997044
2020-08-17 10:03:22,34.8,3691917.0,127757230.0,0.018000000000000002,34.85,34.75,79600.0,122400.0,34.604,1.297,6.4179999999999975,0.8640000000000001,34.60000000000004,34.57,0.030000000000036664
2020-08-17 10:04:19,34.85,3813351.0,131979356.0,0.018000000000000002,34.85,34.8,67200.0,110800.0,34.609,1.297,0.934,0.873,34.68000000000003,34.5775,0.10250000000002757
2020-08-17 10:05:07,34.9,3924152.0,135841810.0,0.019,34.95,34.9,41600.0,176000.0,34.616,1.4409999999999998,-5.155,0.871,34.76000000000003,34.584999999999994,0.1750000000000398
2020-08-17 10:06:35,34.95,3999533.0,138474600.0,0.019,34.95,34.9,52000.0,232000.0,34.622,1.585,-16.185,0.861,34.830000000000034,34.595,0.23500000000003496
2020-08-17 10:07:41,34.8,4278771.0,148218873.0,0.021,34.85,34.8,800.0,72400.0,34.64,1.585,-21.143,0.8909999999999999,34.86000000000003,34.599999999999994,0.26000000000003354
2020-08-17 10:08:36,34.9,4406418.0,152668537.0,0.021,34.95,34.9,18000.0,149600.0,34.646,1.585,-4.8580000000000005,0.894,34.88000000000003,34.6125,0.2675000000000338
2020-08-17 10:09:40,34.9,4449448.0,154171435.0,0.022,34.95,34.9,15600.0,98000.0,34.649,1.585,-17.899,0.878,34.89000000000003,34.62749999999999,0.26250000000003837
2020-08-17 10:10:52,35.0,4508648.0,156241175.0,0.022000000000000002,35.0,34.95,149200.0,60000.0,34.653,1.729,-14.602,0.8640000000000001,34.91000000000003,34.64999999999999,0.26000000000004064
2020-08-17 10:11:08,34.95,4626248.0,160351315.0,0.022,34.95,34.9,18800.0,150000.0,34.661,1.729,-17.871,0.866,34.91000000000004,34.67,0.24000000000003752
2020-08-17 10:11:08,34.95,4707849.0,163203269.0,0.023,35.0,34.95,164800.0,17600.0,34.666,1.729,-18.187,0.863,34.94000000000003,34.6925,0.2475000000000307
2020-08-17 10:14:09,34.9,4778249.0,165661509.0,0.023,34.95,34.9,9600.0,137600.0,34.669000000000004,1.729,-24.02,0.851,34.94000000000003,34.714999999999996,0.22500000000003695
2020-08-17 10:14:52,34.95,4839465.0,167801384.0,0.023,35.0,34.95,324800.0,1600.0,34.673,1.729,-30.061999999999998,0.846,34.95000000000003,34.739999999999995,0.21000000000003638
2020-08-17 10:16:13,34.95,4900031.0,169918184.0,0.024,35.0,34.9,192000.0,166000.0,34.676,1.729,-21.757,0.833,34.94000000000003,34.7675,0.17250000000003496
2020-08-17 10:16:58,34.95,4913631.0,170393304.0,0.024,35.0,34.95,261200.0,4800.0,34.677,1.729,-28.875999999999998,0.8220000000000001,34.94000000000003,34.792500000000004,0.14750000000002927
2020-08-17 10:16:58,34.95,4925556.0,170809969.0,0.024,35.0,34.95,297600.0,113600.0,34.678000000000004,1.729,-23.665,0.804,34.94000000000003,34.8175,0.1225000000000307
2020-08-17 10:19:12,35.05,5270892.0,182899394.0,0.025,35.1,35.05,64000.0,165200.0,34.699,2.017,-8.735,0.841,34.970000000000034,34.8475,0.1225000000000378
2020-08-17 10:20:11,35.05,5721693.0,198708548.0,0.028,35.05,35.0,1200.0,126400.0,34.728,2.017,-30.512,0.88,34.99000000000003,34.87749999999999,0.11250000000003979
2020-08-17 10:21:36,35.05,5742936.0,199453125.0,0.027999999999999997,35.1,35.05,68000.0,126000.0,34.73,2.017,-17.534000000000002,0.877,35.01000000000003,34.90499999999999,0.10500000000004661
2020-08-17 10:22:41,35.1,5871738.0,203973994.0,0.028,35.15,35.1,54800.0,10800.0,34.738,2.161,-21.945,0.8759999999999999,35.040000000000035,34.92999999999999,0.11000000000004206
2020-08-17 10:23:46,35.1,5950089.0,206723416.0,0.028999999999999998,35.1,35.05,92800.0,202000.0,34.742,2.161,-25.483,0.873,35.07000000000003,34.95249999999999,0.11750000000003524
2020-08-17 10:24:57,35.1,6086089.0,211497076.0,0.029,35.1,35.05,5200.0,187200.0,34.75,2.161,-30.465,0.87,35.08000000000003,34.967499999999994,0.11250000000003268
2020-08-17 10:26:20,35.0,6318099.0,219625663.0,0.031,35.05,35.0,109200.0,12800.0,34.760999999999996,2.161,-39.375,0.8690000000000001,35.07000000000003,34.974999999999994,0.09500000000003439
2020-08-17 10:29:24,35.0,6423078.0,223296735.0,0.031,35.0,34.95,175200.0,138800.0,34.764,2.161,-27.768,0.852,35.060000000000024,34.98,0.08000000000002672
2020-08-17 10:30:35,35.0,6428678.0,223492555.0,0.031,35.0,34.95,179600.0,258800.0,34.764,2.161,-19.173,0.8390000000000001,35.04000000000003,34.982499999999995,0.05750000000003297
2020-08-17 10:31:40,34.95,6454678.0,224401375.0,0.031,35.0,34.95,184000.0,222800.0,34.765,2.161,-22.732,0.826,35.01000000000003,34.989999999999995,0.020000000000038654
2020-08-17 10:32:42,35.0,6524678.0,226851075.0,0.032,35.0,34.95,125600.0,361600.0,34.768,2.161,-15.43,0.815,34.99000000000003,34.995,-0.004999999999967031
2020-08-17 10:33:16,34.95,6588279.0,229073928.0,0.032,35.0,34.95,150000.0,294400.0,34.769,2.161,-22.479,0.816,34.98000000000003,34.9975,-0.017499999999969873
2020-08-17 10:34:50,35.0,6603999.0,229623305.0,0.032,35.0,34.95,164800.0,219200.0,34.77,2.161,-24.50800000000001,0.804,34.98000000000003,34.9975,-0.017499999999969873
2020-08-17 10:35:28,34.9,6833534.0,237644976.0,0.033,34.95,34.9,77600.0,33600.0,34.776,2.161,-36.683,0.818,34.96000000000003,34.995,-0.03499999999996817
2020-08-17 10:36:15,34.9,6892013.0,239685790.0,0.033,34.95,34.9,76000.0,144800.0,34.777,2.161,-25.625999999999998,0.8109999999999999,34.95000000000003,34.99249999999999,-0.042499999999961346
2020-08-17 10:37:58,34.9,6934856.0,241182696.0,0.034,34.95,34.9,16000.0,214800.0,34.778,2.161,-22.545,0.8029999999999999,34.930000000000035,34.99249999999999,-0.06249999999995737
2020-08-17 10:38:54,34.95,6963406.0,242180913.0,0.034,35.0,34.95,103600.0,154000.0,34.779,2.161,-22.77,0.794,34.93000000000004,34.99249999999999,-0.06249999999995026
2020-08-17 10:39:39,35.0,7166406.0,249285883.0,0.035,35.0,34.95,800.0,188800.0,34.785,2.161,-33.347,0.804,34.93000000000004,34.99499999999999,-0.06499999999994799
2020-08-17 10:40:33,35.0,7184122.0,249905922.0,0.035,35.05,35.0,204400.0,170000.0,34.785,2.161,-41.035,0.799,34.95000000000004,34.99749999999999,-0.047499999999949694
2020-08-17 10:42:09,34.9,7376932.0,256653148.0,0.036000000000000004,34.95,34.9,176800.0,194400.0,34.791,2.161,-38.509,0.807,34.95000000000004,34.99499999999999,-0.04499999999995197
2020-08-17 10:42:37,34.9,7380932.0,256792908.0,0.036000000000000004,34.95,34.9,198800.0,155200.0,34.791,2.161,-42.081,0.797,34.95000000000004,34.98749999999999,-0.03749999999995168
2020-08-17 10:42:37,34.9,7424115.0,258299880.0,0.036000000000000004,34.95,34.85,226400.0,172400.0,34.792,2.161,-37.975,0.789,34.94000000000004,34.97999999999999,-0.03999999999994941
2020-08-17 10:45:18,34.9,7454915.0,259375620.0,0.036000000000000004,34.95,34.9,210000.0,196800.0,34.792,2.161,-34.235,0.779,34.920000000000044,34.97249999999999,-0.052499999999945146
2020-08-17 10:45:31,34.95,7469715.0,259892860.0,0.036000000000000004,34.95,34.9,207600.0,228800.0,34.792,2.161,-33.378,0.77,34.910000000000046,34.96499999999999,-0.05499999999994287
2020-08-17 10:47:24,35.0,7679315.0,267218340.0,0.037000000000000005,35.0,34.95,199200.0,176000.0,34.797,2.161,-25.897,0.78,34.93000000000005,34.959999999999994,-0.029999999999944293
2020-08-17 10:48:34,35.0,7782125.0,270811628.0,0.038,35.0,34.95,252800.0,112000.0,34.799,2.161,-37.014,0.773,34.950000000000045,34.95499999999999,-0.0049999999999457145
2020-08-17 10:49:31,34.9,7966527.0,277256395.0,0.039,35.0,34.9,319200.0,251600.0,34.802,2.161,-33.31,0.787,34.950000000000045,34.94999999999999,5.684341886080802e-14
2020-08-17 10:50:09,34.9,7977727.0,277647275.0,0.039,34.95,34.9,68800.0,146800.0,34.802,2.161,-37.027,0.778,34.950000000000045,34.944999999999986,0.005000000000059401
2020-08-17 10:50:09,34.9,7982161.0,277802022.0,0.039,34.95,34.9,70400.0,135600.0,34.802,2.161,-38.494,0.773,34.94000000000004,34.93999999999998,5.684341886080802e-14
2020-08-17 10:52:24,34.95,8046219.0,280040389.0,0.039,34.95,34.9,54000.0,166000.0,34.803000000000004,2.161,-36.909,0.758,34.93000000000004,34.93999999999998,-0.009999999999941167
2020-08-17 10:54:14,34.95,8047076.0,280070301.0,0.039,35.0,34.9,336400.0,169600.0,34.803000000000004,2.161,-37.37,0.7490000000000001,34.92000000000004,34.937499999999986,-0.017499999999948557
2020-08-17 10:54:57,34.9,8097311.0,281825436.0,0.039,34.95,34.9,1200.0,184800.0,34.804,2.161,-35.843,0.748,34.92000000000004,34.93499999999999,-0.01499999999995083
2020-08-17 10:55:38,34.95,8116714.0,282503499.0,0.039,35.0,34.9,338400.0,182400.0,34.805,2.161,-36.018,0.7390000000000001,34.930000000000035,34.93249999999999,-0.0024999999999550937
2020-08-17 10:55:38,34.95,8127914.0,282894939.0,0.039,35.0,34.95,268800.0,3200.0,34.805,2.161,-37.042,0.732,34.94000000000004,34.93499999999999,0.005000000000052296
2020-08-17 10:55:38,34.95,8139114.0,283286379.0,0.039,35.0,34.9,276400.0,206400.0,34.805,2.161,-35.339,0.723,34.94000000000004,34.93749999999999,0.0025000000000474643
2020-08-17 10:59:42,34.95,8169736.0,284356618.0,0.039,34.95,34.9,13600.0,155600.0,34.806,2.161,-47.449,0.716,34.94000000000004,34.94,4.263256414560601e-14
2020-08-17 10:59:54,34.9,8367736.0,291266758.0,0.04,34.95,34.9,18400.0,68800.0,34.808,2.161,-39.016999999999996,0.726,34.94000000000004,34.93749999999999,0.0025000000000474643
2020-08-17 11:01:50,34.9,8396136.0,292258038.0,0.041,34.95,34.9,30800.0,90000.0,34.808,2.161,-36.717,0.718,34.93000000000004,34.93249999999999,-0.0024999999999479883
2020-08-17 11:02:38,34.95,8444936.0,293963578.0,0.040999999999999995,35.0,34.9,422800.0,195200.0,34.809,2.161,-34.397,0.716,34.93000000000004,34.92999999999999,4.973799150320701e-14
2020-08-17 11:04:06,34.9,8447412.0,294050008.0,0.041,35.0,34.9,359600.0,196000.0,34.809,2.161,-34.28,0.708,34.92000000000004,34.92999999999999,-0.009999999999955378
2020-08-17 11:04:48,34.95,8454112.0,294283843.0,0.040999999999999995,35.0,34.95,374400.0,82400.0,34.809,2.161,-35.512,0.7,34.92000000000004,34.9325,-0.01249999999996021
2020-08-17 11:06:04,34.95,8478512.0,295136863.0,0.041,35.0,34.9,378800.0,264000.0,34.809,2.161,-31.345,0.6940000000000001,34.930000000000035,34.935,-0.004999999999967031
2020-08-17 11:07:07,34.9,8485387.0,295376683.0,0.040999999999999995,34.95,34.9,16800.0,199600.0,34.81,2.161,-34.693000000000005,0.687,34.930000000000035,34.935,-0.004999999999967031
2020-08-17 11:08:20,34.95,8529820.0,296929123.0,0.041,34.95,34.9,14400.0,231200.0,34.81,2.161,-34.01,0.6829999999999999,34.93000000000004,34.935,-0.004999999999959925
2020-08-17 11:08:42,34.9,8538220.0,297222383.0,0.040999999999999995,34.95,34.9,12800.0,210400.0,34.81,2.161,-35.417,0.6759999999999999,34.93000000000004,34.93,4.263256414560601e-14
2020-08-17 11:10:20,34.95,8569020.0,298298783.0,0.041,35.0,34.9,503200.0,249200.0,34.811,2.161,-35.079,0.6709999999999999,34.93000000000004,34.9275,0.002500000000040359
2020-08-17 11:10:48,34.95,8579809.0,298675580.0,0.040999999999999995,35.0,34.9,500000.0,240800.0,34.811,2.161,-35.101,0.6679999999999999,34.93000000000004,34.93000000000001,3.552713678800501e-14
2020-08-17 11:20:09,34.95,8730470.0,303944235.0,0.042,35.0,34.9,438400.0,250000.0,34.814,2.161,-34.958,0.622,34.94000000000004,34.93250000000001,0.007500000000028706
2020-08-17 11:21:53,34.95,8751280.0,304671502.0,0.042,35.0,34.95,455200.0,4000.0,34.814,2.161,-34.911,0.612,34.94000000000004,34.93500000000002,0.005000000000023874
2020-08-17 11:21:53,34.95,8789280.0,305999622.0,0.042,35.0,34.95,461600.0,95600.0,34.815,2.161,-28.438,0.608,34.95000000000004,34.93500000000002,0.015000000000021885
2020-08-17 11:24:40,34.95,8847725.0,308041634.0,0.043,35.0,34.95,451200.0,3600.0,34.815,2.161,-31.857,0.607,34.950000000000045,34.93500000000002,0.01500000000002899
2020-08-17 11:25:58,34.95,8885835.0,309373465.0,0.043,35.0,34.95,428400.0,4400.0,34.816,2.161,-31.493,0.602,34.950000000000045,34.937500000000014,0.012500000000031264
2020-08-17 11:26:57,35.0,8891839.0,309583363.0,0.043,35.0,34.95,429200.0,14400.0,34.816,2.161,-31.323,0.598,34.96000000000005,34.94000000000001,0.020000000000038654
2020-08-17 11:28:02,34.95,8897839.0,309793123.0,0.043,35.0,34.95,453600.0,18800.0,34.816,2.161,-38.166,0.593,34.96000000000005,34.94000000000001,0.020000000000038654
2020-08-17 11:29:28,35.0,8903039.0,309975083.0,0.043,35.0,34.95,565600.0,14400.0,34.816,2.161,-39.527,0.588,34.97000000000005,34.94250000000001,0.027500000000038938
2020-08-17 11:29:37,34.95,8914076.0,310360711.0,0.043,35.0,34.95,570000.0,4400.0,34.816,2.161,-39.531,0.583,34.97000000000005,34.94250000000001,0.027500000000038938
2020-08-17 11:29:37,34.95,8918222.0,310505521.0,0.043,35.0,34.95,528400.0,800.0,34.816,2.161,-38.861999999999995,0.578,34.97000000000005,34.945000000000014,0.025000000000034106
2020-08-17 11:32:28,34.9,8955022.0,311791661.0,0.043,35.0,34.9,491600.0,227200.0,34.817,2.161,-35.624,0.573,34.95000000000005,34.945000000000014,0.005000000000038085
2020-08-17 11:33:39,34.95,8981439.0,312715734.0,0.043,34.95,34.9,10400.0,268800.0,34.817,2.161,-29.318,0.5710000000000001,34.95000000000006,34.945000000000014,0.0050000000000451905
2020-08-17 11:34:15,35.0,9008462.0,313661035.0,0.044,35.0,34.9,487600.0,312400.0,34.818000000000005,2.161,-30.714,0.568,34.95000000000006,34.95000000000002,4.263256414560601e-14
2020-08-17 11:35:56,35.0,9040633.0,314786311.0,0.044000000000000004,35.0,34.9,496400.0,313600.0,34.819,2.161,-27.27,0.565,34.96000000000006,34.952500000000015,0.007500000000042917
2020-08-17 11:36:18,34.95,9059033.0,315429371.0,0.044,34.95,34.9,11600.0,294000.0,34.819,2.161,-25.249,0.562,34.96000000000006,34.952500000000015,0.007500000000042917
2020-08-17 11:38:05,34.9,9074233.0,315960571.0,0.044000000000000004,34.95,34.9,43600.0,112400.0,34.819,2.161,-28.685,0.5579999999999999,34.96000000000006,34.952500000000015,0.007500000000042917
2020-08-17 11:39:05,34.95,9116829.0,317447873.0,0.044,34.95,34.9,58000.0,128000.0,34.819,2.161,-31.289,0.555,34.96000000000006,34.952500000000015,0.007500000000042917
2020-08-17 11:39:22,34.95,9128829.0,317867173.0,0.044000000000000004,34.95,34.9,60800.0,69600.0,34.82,2.161,-34.784,0.552,34.95000000000006,34.95500000000002,-0.004999999999959925
2020-08-17 11:41:09,34.95,9178830.0,319612626.0,0.044,34.95,34.9,54400.0,225200.0,34.82,2.161,-30.749,0.55,34.940000000000055,34.95500000000002,-0.014999999999965041
2020-08-17 11:42:03,34.95,9192040.0,320074053.0,0.044000000000000004,34.95,34.9,71200.0,253600.0,34.82,2.161,-31.934,0.546,34.940000000000055,34.95500000000002,-0.014999999999965041
2020-08-17 11:43:23,34.9,9212440.0,320786953.0,0.045,34.95,34.9,63600.0,251600.0,34.821,2.161,-32.109,0.5429999999999999,34.940000000000055,34.952500000000015,-0.01249999999996021
2020-08-17 11:43:30,34.95,9225240.0,321234253.0,0.045,34.95,34.9,154400.0,104800.0,34.821,2.161,-34.847,0.539,34.940000000000055,34.952500000000015,-0.01249999999996021
2020-08-17 11:45:30,34.9,9243641.0,321876927.0,0.045,34.95,34.9,177200.0,147200.0,34.821,2.161,-34.778,0.536,34.93000000000005,34.95000000000001,-0.019999999999960494
2020-08-17 11:46:35,34.9,9259241.0,322421987.0,0.045,34.95,34.9,175200.0,86400.0,34.821,2.161,-36.946999999999996,0.5329999999999999,34.92000000000005,34.947500000000005,-0.027499999999953673
2020-08-17 11:46:35,34.9,9366041.0,326149307.0,0.045,34.95,34.85,194800.0,156000.0,34.822,2.161,-30.426,0.529,34.910000000000046,34.94500000000001,-0.03499999999996106
2020-08-17 11:48:42,34.85,9368041.0,326219087.0,0.045,34.9,34.85,21600.0,246800.0,34.821999999999996,2.161,-27.124000000000002,0.53,34.90000000000005,34.93750000000001,-0.03749999999995879
2020-08-17 11:49:56,34.9,9393241.0,327098647.0,0.045,34.95,34.85,197200.0,186400.0,34.822,2.161,-32.501,0.528,34.89000000000004,34.935,-0.04499999999995907
2020-08-17 11:50:44,34.95,9413241.0,327797260.0,0.045,34.95,34.9,219200.0,1200.0,34.821999999999996,2.161,-34.573,0.525,34.90000000000004,34.932500000000005,-0.032499999999963336
2020-08-17 11:51:40,34.95,9430441.0,328398380.0,0.046,34.95,34.9,238800.0,800.0,34.823,2.161,-35.369,0.522,34.91000000000004,34.932500000000005,-0.022499999999965326
2020-08-17 11:51:40,34.95,9437641.0,328650020.0,0.046,34.95,34.9,246400.0,2000.0,34.823,2.161,-40.801,0.52,34.920000000000044,34.932500000000005,-0.01249999999996021
2020-08-17 11:54:23,34.85,9443651.0,328859627.0,0.046,34.9,34.85,90800.0,218800.0,34.823,2.161,-33.942,0.514,34.920000000000044,34.93000000000001,-0.009999999999962483
2020-08-17 11:54:23,34.85,9449725.0,329071323.0,0.046,34.9,34.85,99200.0,207600.0,34.823,2.161,-34.471,0.511,34.91000000000004,34.925000000000004,-0.014999999999965041
2020-08-17 11:56:22,34.85,9461547.0,329483293.0,0.046,34.9,34.85,98400.0,152800.0,34.823,2.161,-33.846,0.509,34.89000000000004,34.917500000000004,-0.027499999999960778
2020-08-17 11:57:32,34.9,9485147.0,330305852.0,0.046,34.9,34.85,112800.0,154000.0,34.823,2.161,-34.213,0.507,34.88000000000004,34.91250000000001,-0.03249999999997044
2020-08-17 11:58:36,34.9,9504347.0,330975374.0,0.046,34.9,34.85,116800.0,138400.0,34.823,2.161,-34.974000000000004,0.504,34.87000000000004,34.910000000000004,-0.03999999999996362
2020-08-17 11:58:47,34.85,9528747.0,331825714.0,0.046,34.9,34.85,115200.0,112400.0,34.823,2.161,-36.555,0.501,34.87000000000004,34.907500000000006,-0.037499999999965894
2020-08-17 13:00:09,34.85,9669197.0,336720791.0,0.047,34.85,34.8,30400.0,125200.0,34.824,2.161,-28.825,0.504,34.87000000000004,34.9025,-0.032499999999963336
2020-08-17 13:01:22,34.9,9851677.0,343081335.0,0.048,34.95,34.9,98400.0,242800.0,34.824,2.161,-16.476,0.51,34.88000000000004,34.9,-0.019999999999960494
2020-08-17 13:02:51,34.9,10071920.0,350778672.0,0.049,34.95,34.9,28000.0,86000.0,34.827,2.161,-24.199,0.518,34.88000000000004,34.897499999999994,-0.017499999999955662
2020-08-17 13:04:02,35.0,10114818.0,352277436.0,0.049,35.0,34.9,580400.0,290400.0,34.827,2.161,-17.109,0.517,34.90000000000004,34.89999999999999,4.973799150320701e-14
2020-08-17 13:04:28,35.0,10123218.0,352571076.0,0.049,35.0,34.95,538000.0,234400.0,34.827,2.161,-17.357,0.513,34.93000000000004,34.904999999999994,0.025000000000048317
2020-08-17 13:05:26,35.0,10126821.0,352697078.0,0.049,35.0,34.95,567600.0,186400.0,34.828,2.161,-18.421,0.51,34.96000000000004,34.90749999999999,0.05250000000005173
2020-08-17 13:06:32,34.95,10191224.0,354947960.0,0.049,34.95,34.9,400.0,272800.0,34.828,2.161,-18.961,0.509,34.97000000000004,34.91,0.060000000000044906
2020-08-17 13:08:02,35.0,10196993.0,355149545.0,0.049,35.0,34.95,552400.0,154000.0,34.828,2.161,-17.272000000000002,0.508,34.990000000000045,34.915,0.07500000000004547
2020-08-17 13:09:18,34.9,10206861.0,355494286.0,0.049,34.95,34.9,46000.0,131200.0,34.828,2.161,-23.458,0.505,34.97000000000004,34.915,0.05500000000004235
2020-08-17 13:11:02,34.95,10210071.0,355606373.0,0.049,34.95,34.9,110000.0,76400.0,34.828,2.161,-27.750999999999998,0.498,34.96000000000005,34.92,0.040000000000048885
2020-08-17 13:12:04,34.9,10226866.0,356192600.0,0.049,34.95,34.9,84000.0,264400.0,34.829,2.161,-22.026,0.496,34.94000000000005,34.92,0.02000000000004576
2020-08-17 13:13:19,34.9,10288466.0,358344480.0,0.05,34.95,34.9,78000.0,239200.0,34.829,2.161,-25.11,0.495,34.93000000000005,34.9175,0.01250000000005258
2020-08-17 13:14:32,34.95,10380866.0,361573320.0,0.05,35.0,34.9,674800.0,292800.0,34.83,2.161,-19.144,0.494,34.92000000000005,34.9175,0.0025000000000545697
2020-08-17 13:15:10,35.0,10416251.0,362811537.0,0.05,35.0,34.95,638800.0,276800.0,34.830999999999996,2.161,-17.204,0.495,34.94000000000005,34.919999999999995,0.020000000000052864
2020-08-17 13:16:12,34.95,10470651.0,364713717.0,0.051,35.0,34.95,634400.0,155200.0,34.832,2.161,-19.241,0.495,34.940000000000055,34.925,0.015000000000057412
2020-08-17 13:17:32,35.0,10612251.0,369663817.0,0.051,35.0,34.95,629600.0,128400.0,34.833,2.161,-21.063000000000002,0.498,34.96000000000005,34.93249999999999,0.027500000000060254
2020-08-17 13:18:16,34.95,10656098.0,371196256.0,0.052000000000000005,35.0,34.95,640000.0,27600.0,34.834,2.161,-24.022,0.4970000000000001,34.970000000000056,34.93749999999999,0.03250000000006281
2020-08-17 13:19:48,35.0,10668987.0,371646759.0,0.052000000000000005,35.0,34.95,642000.0,85200.0,34.834,2.161,-21.818,0.495,34.980000000000054,34.942499999999995,0.037500000000058265
2020-08-17 13:20:25,34.9,10766587.0,375056849.0,0.052000000000000005,34.95,34.9,80000.0,128800.0,34.835,2.161,-25.831,0.496,34.96000000000005,34.942499999999995,0.017500000000055138
2020-08-17 13:21:31,34.9,10772587.0,375266309.0,0.052000000000000005,34.95,34.9,87600.0,122400.0,34.835,2.161,-25.259,0.493,34.95000000000006,34.94499999999999,0.005000000000066507
2020-08-17 13:22:08,34.9,10791387.0,375922469.0,0.052000000000000005,34.95,34.9,148400.0,60000.0,34.835,2.161,-27.905,0.491,34.93000000000006,34.94749999999999,-0.017499999999934346
2020-08-17 13:24:03,34.9,10806987.0,376467109.0,0.052000000000000005,34.95,34.9,248000.0,68800.0,34.835,2.161,-28.484,0.488,34.92000000000006,34.94749999999999,-0.027499999999932356
2020-08-17 13:25:02,34.9,10902197.0,379789875.0,0.053,34.9,34.85,194800.0,213600.0,34.836,2.161,-27.06900000000001,0.487,34.90000000000006,34.94749999999999,-0.04749999999992838
2020-08-17 13:26:02,34.9,10945397.0,381296755.0,0.053,34.9,34.85,197600.0,150800.0,34.836,2.161,-27.215999999999998,0.489,34.90000000000006,34.94249999999999,-0.04249999999992582
2020-08-17 13:27:06,34.85,10981797.0,382565695.0,0.053,34.9,34.85,483600.0,100400.0,34.836,2.161,-29.903,0.488,34.89000000000006,34.93499999999999,-0.04499999999993065
2020-08-17 13:28:04,34.85,10991397.0,382900275.0,0.053,34.9,34.85,478400.0,139200.0,34.836,2.161,-28.37,0.486,34.88000000000006,34.927499999999995,-0.04749999999993548
2020-08-17 13:29:11,34.85,11008327.0,383490367.0,0.053,34.9,34.85,365600.0,127200.0,34.836,2.161,-27.142,0.483,34.870000000000054,34.92249999999999,-0.05249999999993804
2020-08-17 13:30:04,34.85,11016727.0,383783127.0,0.053,34.9,34.85,380000.0,122800.0,34.836,2.161,-24.01,0.48100000000000004,34.860000000000056,34.91499999999999,-0.05499999999993577
2020-08-17 13:31:12,34.8,11151527.0,388480807.0,0.054000000000000006,34.85,34.8,205600.0,193200.0,34.836,2.161,-25.385,0.484,34.840000000000046,34.90999999999999,-0.06999999999994344
2020-08-17 13:32:30,34.95,11515472.0,401169277.0,0.055999999999999994,34.95,34.9,158400.0,165200.0,34.836999999999996,2.161,-22.888,0.496,34.860000000000056,34.90999999999999,-0.04999999999993321
2020-08-17 13:33:14,34.9,11517873.0,401253132.0,0.056,34.95,34.9,110800.0,411600.0,34.837,2.161,-16.095,0.494,34.870000000000054,34.90999999999999,-0.0399999999999352
2020-08-17 13:34:39,34.9,11526370.0,401549719.0,0.055999999999999994,34.95,34.9,150000.0,263600.0,34.836999999999996,2.161,-18.176,0.491,34.88000000000006,34.90999999999999,-0.029999999999930083
2020-08-17 13:35:43,34.9,11555170.0,402556039.0,0.056,34.95,34.9,140400.0,340000.0,34.837,2.161,-16.743,0.49,34.89000000000006,34.907499999999985,-0.01749999999992724
2020-08-17 13:36:48,34.95,11589570.0,403757419.0,0.055999999999999994,34.95,34.9,130800.0,342800.0,34.836999999999996,2.161,-16.394000000000002,0.488,34.92000000000006,34.90499999999999,0.015000000000071623
2020-08-17 13:37:27,34.95,11751580.0,409419626.0,0.057,35.0,34.95,857200.0,549200.0,34.839,2.161,-15.491,0.4920000000000001,34.92000000000006,34.90499999999999,0.015000000000071623
2020-08-17 13:38:02,35.0,11774856.0,410234236.0,0.057,35.0,34.95,966000.0,549600.0,34.839,2.161,-16.351,0.49,34.94000000000006,34.90499999999999,0.03500000000007475
2020-08-17 13:39:26,35.0,11830056.0,412166116.0,0.057,35.0,34.95,868400.0,250400.0,34.84,2.161,-23.779,0.49,34.96000000000006,34.907499999999985,0.052500000000073044
2020-08-17 13:41:02,35.0,11850856.0,412893936.0,0.057,35.0,34.95,946800.0,328800.0,34.84,2.161,-22.399,0.488,34.98000000000006,34.907499999999985,0.07250000000007617
2020-08-17 13:42:03,34.95,11886656.0,414146776.0,0.057,35.0,34.95,929200.0,249200.0,34.841,2.161,-24.769,0.488,34.98000000000006,34.90999999999999,0.07000000000007134
2020-08-17 13:43:07,35.0,11915074.0,415141038.0,0.057999999999999996,35.0,34.95,930400.0,329200.0,34.841,2.161,-22.436999999999998,0.486,34.990000000000066,34.91499999999999,0.0750000000000739
2020-08-17 13:44:10,34.95,11952674.0,416456398.0,0.058,35.0,34.95,986800.0,236400.0,34.842,2.161,-26.46,0.484,34.98000000000006,34.9175,0.06250000000006395
2020-08-17 13:45:02,35.0,11979074.0,417379938.0,0.057999999999999996,35.0,34.95,910000.0,330800.0,34.842,2.161,-23.799,0.483,34.98000000000006,34.9225,0.05750000000006139
2020-08-17 13:46:17,34.95,12134213.0,422802708.0,0.059,35.0,34.95,1048800.0,129600.0,34.843,2.161,-35.38800000000001,0.482,34.97000000000006,34.925,0.045000000000065654
2020-08-17 13:47:22,34.8,12316774.0,429178791.0,0.06,34.9,34.8,643600.0,347200.0,34.845,2.161,-38.44300000000001,0.491,34.94000000000007,34.92,0.020000000000067075
2020-08-17 13:47:48,34.9,12317174.0,429192751.0,0.06,34.9,34.8,662000.0,394000.0,34.845,2.161,-38.218,0.489,34.920000000000066,34.9225,-0.0024999999999337774
2020-08-17 13:49:06,34.85,12322375.0,429374024.0,0.06,34.9,34.85,629200.0,258000.0,34.845,2.161,-36.661,0.486,34.90000000000007,34.9225,-0.0224999999999298
2020-08-17 13:50:03,34.9,12322775.0,429387984.0,0.06,34.9,34.85,612800.0,275200.0,34.845,2.161,-36.091,0.484,34.88000000000007,34.925,-0.04499999999993065
2020-08-17 13:51:48,34.8,12431575.0,433179364.0,0.06,34.85,34.8,368400.0,214400.0,34.845,2.161,-42.196999999999996,0.485,34.850000000000065,34.92249999999999,-0.07249999999992696
2020-08-17 13:52:24,34.8,12455975.0,434028704.0,0.06,34.85,34.8,460800.0,208800.0,34.845,2.161,-43.51600000000001,0.484,34.850000000000065,34.92249999999999,-0.07249999999992696
2020-08-17 13:53:05,34.8,12472375.0,434599444.0,0.06,34.85,34.8,415600.0,193200.0,34.844,2.161,-46.663999999999994,0.48200000000000004,34.83000000000007,34.914999999999985,-0.08499999999991559
2020-08-17 13:54:07,34.8,12489975.0,435211944.0,0.06,34.85,34.8,428000.0,176400.0,34.844,2.161,-47.062,0.48,34.820000000000064,34.90999999999998,-0.08999999999991815
2020-08-17 13:56:01,34.85,12511175.0,435949864.0,0.06,34.85,34.8,467200.0,276800.0,34.844,2.161,-44.07,0.478,34.810000000000066,34.907499999999985,-0.09749999999991843
2020-08-17 13:57:04,34.75,12683912.0,441960612.0,0.061,34.8,34.75,485200.0,199600.0,34.844,2.161,-43.303,0.482,34.80000000000007,34.89999999999999,-0.09999999999992326
2020-08-17 13:58:03,34.8,12694712.0,442335932.0,0.061,34.8,34.75,396800.0,199600.0,34.844,2.161,-44.284,0.48,34.80000000000007,34.892499999999984,-0.09249999999991587
2020-08-17 13:58:38,34.85,13105512.0,456632331.0,0.063,34.85,34.8,265600.0,190000.0,34.842,2.161,-37.426,0.493,34.81000000000007,34.88749999999998,-0.0774999999999082
2020-08-17 13:58:38,34.85,13118712.0,457092351.0,0.063,34.85,34.8,234000.0,273600.0,34.842,2.161,-32.236999999999995,0.491,34.82000000000007,34.87999999999998,-0.0599999999999099
2020-08-17 13:58:38,34.85,13119512.0,457120231.0,0.063,34.85,34.8,244000.0,324000.0,34.842,2.161,-33.669000000000004,0.488,34.82000000000007,34.87249999999999,-0.052499999999916724
2020-08-17 14:02:04,34.85,13382312.0,466278451.0,0.065,34.9,34.85,170400.0,284800.0,34.842,2.161,-29.49,0.495,34.840000000000074,34.86499999999999,-0.024999999999913314
2020-08-17 14:03:31,34.85,13393112.0,466654971.0,0.065,34.9,34.85,226400.0,101200.0,34.842,2.161,-36.02,0.493,34.850000000000065,34.859999999999985,-0.00999999999991985
2020-08-17 14:04:25,34.8,13478573.0,469633089.0,0.065,34.85,34.8,137600.0,116000.0,34.842,2.161,-41.35,0.4920000000000001,34.840000000000074,34.84999999999998,-0.00999999999990564
2020-08-17 14:05:09,34.8,13489349.0,470008101.0,0.065,34.8,34.75,94800.0,122800.0,34.842,2.161,-39.107,0.493,34.83000000000007,34.84249999999998,-0.012499999999910472
2020-08-17 14:06:24,34.7,13532352.0,471500684.0,0.065,34.7,34.65,79600.0,63200.0,34.842,2.161,-37.399,0.491,34.800000000000075,34.82749999999998,-0.027499999999903935
2020-08-17 14:07:17,34.65,13606520.0,474070775.0,0.066,34.65,34.6,94800.0,67600.0,34.841,2.161,-35.411,0.49,34.760000000000076,34.81249999999998,-0.052499999999902514
2020-08-17 14:08:15,34.6,13678549.0,476562948.0,0.066,34.6,34.55,58400.0,62000.0,34.84,2.161,-23.967,0.4920000000000001,34.71000000000008,34.80249999999998,-0.09249999999990166
2020-08-17 14:08:15,34.6,13746149.0,478901908.0,0.066,34.65,34.6,75200.0,49600.0,34.838,2.161,-30.124,0.4920000000000001,34.67000000000007,34.78749999999998,-0.11749999999990735
2020-08-17 14:10:55,34.6,13768231.0,479665810.0,0.067,34.6,34.55,58800.0,70000.0,34.838,2.161,-27.445,0.49,34.630000000000074,34.774999999999984,-0.14499999999991076
